symbol,date,price,,
Applicants-International,1994,1228,,
Applicants-Unknown,1994,2678,,
Applicants-White,1994,19720,,
Applicants-Asian,1994,15436,,
Applicants-Chicano/Latino,1994,7084,,
Applicants-American Indian,1994,388,,
Applicants-African American,1994,2268,,
Applicants-All,1994,48802,,
Admits-International,1994,508,AdmitRate-International,0.413680782
Admits-Unknown,1994,2229,AdmitRate-Unknown,0.832337565
Admits-White,1994,16232,AdmitRate-White,0.823123732
Admits-Asian,1994,12769,AdmitRate-Asian,0.827222078
Admits-Chicano/Latino,1994,5835,AdmitRate-Chicano/Latino,0.823687182
Admits-American Indian,1994,337,AdmitRate-American Indian,0.868556701
Admits-African American,1994,1699,AdmitRate-African American,0.749118166
Admits-All,1994,39609,AdmitRate-All,0.811626573
Enrollees-International,1994,196,EnrollRate-International,0.385826772
Enrollees-Unknown,1994,1186,EnrollRate-Unknown,0.532077165
Enrollees-White,1994,8117,EnrollRate-White,0.500061607
Enrollees-Asian,1994,8321,EnrollRate-Asian,0.651656355
Enrollees-Chicano/Latino,1994,3401,EnrollRate-Chicano/Latino,0.582862039
Enrollees-American Indian,1994,216,EnrollRate-American Indian,0.640949555
Enrollees-African American,1994,963,EnrollRate-African American,0.566804002
Enrollees-All,1994,22400,EnrollRate-All,0.565528037
Applicants-International,1995,1542,,
Applicants-Unknown,1995,3112,,
Applicants-White,1995,20917,,
Applicants-Asian,1995,15647,,
Applicants-Chicano/Latino,1995,7603,,
Applicants-American Indian,1995,495,,
Applicants-African American,1995,2422,,
Applicants-All,1995,51738,,
Admits-International,1995,720,AdmitRate-International,0.46692607
Admits-Unknown,1995,2576,AdmitRate-Unknown,0.827763496
Admits-White,1995,17187,AdmitRate-White,0.821676149
Admits-Asian,1995,12806,AdmitRate-Asian,0.818431648
Admits-Chicano/Latino,1995,6237,AdmitRate-Chicano/Latino,0.820334079
Admits-American Indian,1995,423,AdmitRate-American Indian,0.854545455
Admits-African American,1995,1776,AdmitRate-African American,0.733278282
Admits-All,1995,41725,AdmitRate-All,0.8064672
Enrollees-International,1995,265,EnrollRate-International,0.368055556
Enrollees-Unknown,1995,1337,EnrollRate-Unknown,0.519021739
Enrollees-White,1995,8659,EnrollRate-White,0.50381102
Enrollees-Asian,1995,8147,EnrollRate-Asian,0.636186163
Enrollees-Chicano/Latino,1995,3480,EnrollRate-Chicano/Latino,0.557960558
Enrollees-American Indian,1995,262,EnrollRate-American Indian,0.619385343
Enrollees-African American,1995,972,EnrollRate-African American,0.547297297
Enrollees-All,1995,23122,EnrollRate-All,0.554152187
Applicants-International,1996,1376,,
Applicants-Unknown,1996,3713,,
Applicants-White,1996,22264,,
Applicants-Asian,1996,16814,,
Applicants-Chicano/Latino,1996,7441,,
Applicants-American Indian,1996,449,,
Applicants-African American,1996,2426,,
Applicants-All,1996,54483,,
Admits-International,1996,549,AdmitRate-International,0.398982558
Admits-Unknown,1996,3061,AdmitRate-Unknown,0.824400754
Admits-White,1996,17999,AdmitRate-White,0.808435142
Admits-Asian,1996,13736,AdmitRate-Asian,0.816938266
Admits-Chicano/Latino,1996,5886,AdmitRate-Chicano/Latino,0.791022712
Admits-American Indian,1996,383,AdmitRate-American Indian,0.853006682
Admits-African American,1996,1687,AdmitRate-African American,0.695383347
Admits-All,1996,43301,AdmitRate-All,0.794761669
Enrollees-International,1996,169,EnrollRate-International,0.307832423
Enrollees-Unknown,1996,1597,EnrollRate-Unknown,0.521724926
Enrollees-White,1996,9262,EnrollRate-White,0.514584144
Enrollees-Asian,1996,8709,EnrollRate-Asian,0.634027373
Enrollees-Chicano/Latino,1996,3245,EnrollRate-Chicano/Latino,0.551308189
Enrollees-American Indian,1996,242,EnrollRate-American Indian,0.631853786
Enrollees-African American,1996,903,EnrollRate-African American,0.53526971
Enrollees-All,1996,24127,EnrollRate-All,0.557192675
Applicants-International,1997,2019,,
Applicants-Unknown,1997,3041,,
Applicants-White,1997,24058,,
Applicants-Asian,1997,17834,,
Applicants-Chicano/Latino,1997,7199,,
Applicants-American Indian,1997,396,,
Applicants-African American,1997,2304,,
Applicants-All,1997,56851,,
Admits-International,1997,798,AdmitRate-International,0.395245171
Admits-Unknown,1997,2472,AdmitRate-Unknown,0.812890497
Admits-White,1997,19067,AdmitRate-White,0.792543021
Admits-Asian,1997,14559,AdmitRate-Asian,0.816362005
Admits-Chicano/Latino,1997,5877,AdmitRate-Chicano/Latino,0.816363384
Admits-American Indian,1997,334,AdmitRate-American Indian,0.843434343
Admits-African American,1997,1633,AdmitRate-African American,0.708767361
Admits-All,1997,44740,AdmitRate-All,0.786969446
Enrollees-International,1997,269,EnrollRate-International,0.337092732
Enrollees-Unknown,1997,1268,EnrollRate-Unknown,0.512944984
Enrollees-White,1997,10048,EnrollRate-White,0.526983794
Enrollees-Asian,1997,9097,EnrollRate-Asian,0.624836871
Enrollees-Chicano/Latino,1997,3165,EnrollRate-Chicano/Latino,0.538540071
Enrollees-American Indian,1997,191,EnrollRate-American Indian,0.571856287
Enrollees-African American,1997,948,EnrollRate-African American,0.580526638
Enrollees-All,1997,24986,EnrollRate-All,0.558471167
Applicants-International,1998,1912,,
Applicants-Unknown,1998,9530,,
Applicants-White,1998,21798,,
Applicants-Asian,1998,17909,,
Applicants-Chicano/Latino,1998,7609,,
Applicants-American Indian,1998,463,,
Applicants-African American,1998,2346,,
Applicants-All,1998,61567,,
Admits-International,1998,639,AdmitRate-International,0.334205021
Admits-Unknown,1998,7450,AdmitRate-Unknown,0.781741868
Admits-White,1998,17293,AdmitRate-White,0.793329663
Admits-Asian,1998,14623,AdmitRate-Asian,0.816516835
Admits-Chicano/Latino,1998,5655,AdmitRate-Chicano/Latino,0.743198843
Admits-American Indian,1998,340,AdmitRate-American Indian,0.734341253
Admits-African American,1998,1427,AdmitRate-African American,0.608269395
Admits-All,1998,47427,AdmitRate-All,0.770331509
Enrollees-International,1998,200,EnrollRate-International,0.312989045
Enrollees-Unknown,1998,4007,EnrollRate-Unknown,0.537852349
Enrollees-White,1998,8901,EnrollRate-White,0.514716937
Enrollees-Asian,1998,9284,EnrollRate-Asian,0.634890241
Enrollees-Chicano/Latino,1998,2986,EnrollRate-Chicano/Latino,0.528028294
Enrollees-American Indian,1998,176,EnrollRate-American Indian,0.517647059
Enrollees-African American,1998,760,EnrollRate-African American,0.532585844
Enrollees-All,1998,26314,EnrollRate-All,0.554831636
Applicants-International,1999,2069,,
Applicants-Unknown,1999,5776,,
Applicants-White,1999,26684,,
Applicants-Asian,1999,20339,,
Applicants-Chicano/Latino,1999,8105,,
Applicants-American Indian,1999,452,,
Applicants-African American,1999,2476,,
Applicants-All,1999,65901,,
Admits-International,1999,762,AdmitRate-International,0.368293862
Admits-Unknown,1999,4492,AdmitRate-Unknown,0.777700831
Admits-White,1999,20555,AdmitRate-White,0.770311797
Admits-Asian,1999,16115,AdmitRate-Asian,0.792320173
Admits-Chicano/Latino,1999,6018,AdmitRate-Chicano/Latino,0.742504627
Admits-American Indian,1999,312,AdmitRate-American Indian,0.690265487
Admits-African American,1999,1512,AdmitRate-African American,0.610662359
Admits-All,1999,49766,AdmitRate-All,0.755163048
Enrollees-International,1999,287,EnrollRate-International,0.37664042
Enrollees-Unknown,1999,2348,EnrollRate-Unknown,0.522707035
Enrollees-White,1999,10391,EnrollRate-White,0.505521771
Enrollees-Asian,1999,10279,EnrollRate-Asian,0.637852932
Enrollees-Chicano/Latino,1999,3269,EnrollRate-Chicano/Latino,0.543203722
Enrollees-American Indian,1999,143,EnrollRate-American Indian,0.458333333
Enrollees-African American,1999,774,EnrollRate-African American,0.511904762
Enrollees-All,1999,27491,EnrollRate-All,0.552405257
Applicants-International,2000,2289,,
Applicants-Unknown,2000,6296,,
Applicants-White,2000,26890,,
Applicants-Asian,2000,21005,,
Applicants-Chicano/Latino,2000,8683,,
Applicants-American Indian,2000,421,,
Applicants-African American,2000,2623,,
Applicants-All,2000,68207,,
Admits-International,2000,874,AdmitRate-International,0.381826125
Admits-Unknown,2000,4892,AdmitRate-Unknown,0.777001271
Admits-White,2000,20783,AdmitRate-White,0.77288955
Admits-Asian,2000,16769,AdmitRate-Asian,0.79833373
Admits-Chicano/Latino,2000,6561,AdmitRate-Chicano/Latino,0.755614419
Admits-American Indian,2000,308,AdmitRate-American Indian,0.731591449
Admits-African American,2000,1619,AdmitRate-African American,0.617232177
Admits-All,2000,51806,AdmitRate-All,0.75954081
Enrollees-International,2000,344,EnrollRate-International,0.393592677
Enrollees-Unknown,2000,2525,EnrollRate-Unknown,0.516148814
Enrollees-White,2000,10545,EnrollRate-White,0.507385844
Enrollees-Asian,2000,10588,EnrollRate-Asian,0.631403184
Enrollees-Chicano/Latino,2000,3526,EnrollRate-Chicano/Latino,0.537418077
Enrollees-American Indian,2000,164,EnrollRate-American Indian,0.532467532
Enrollees-African American,2000,867,EnrollRate-African American,0.53551575
Enrollees-All,2000,28559,EnrollRate-All,0.551268193
Applicants-International,2001,2886,,
Applicants-Unknown,2001,6647,,
Applicants-White,2001,27990,,
Applicants-Asian,2001,22350,,
Applicants-Chicano/Latino,2001,9862,,
Applicants-American Indian,2001,448,,
Applicants-African American,2001,2892,,
Applicants-All,2001,73075,,
Admits-International,2001,1081,AdmitRate-International,0.374566875
Admits-Unknown,2001,5327,AdmitRate-Unknown,0.801414172
Admits-White,2001,22516,AdmitRate-White,0.804430154
Admits-Asian,2001,18071,AdmitRate-Asian,0.808545861
Admits-Chicano/Latino,2001,7708,AdmitRate-Chicano/Latino,0.781585885
Admits-American Indian,2001,347,AdmitRate-American Indian,0.774553571
Admits-African American,2001,1820,AdmitRate-African American,0.629322268
Admits-All,2001,56870,AdmitRate-All,0.778241533
Enrollees-International,2001,351,EnrollRate-International,0.324699352
Enrollees-Unknown,2001,2608,EnrollRate-Unknown,0.489581378
Enrollees-White,2001,10998,EnrollRate-White,0.488452656
Enrollees-Asian,2001,11536,EnrollRate-Asian,0.63837087
Enrollees-Chicano/Latino,2001,3948,EnrollRate-Chicano/Latino,0.512195122
Enrollees-American Indian,2001,175,EnrollRate-American Indian,0.504322767
Enrollees-African American,2001,879,EnrollRate-African American,0.482967033
Enrollees-All,2001,30495,EnrollRate-All,0.536222965
Applicants-International,2002,2320,,
Applicants-Unknown,2002,6259,,
Applicants-White,2002,29124,,
Applicants-Asian,2002,23148,,
Applicants-Chicano/Latino,2002,10688,,
Applicants-American Indian,2002,481,,
Applicants-African American,2002,3119,,
Applicants-All,2002,75139,,
Admits-International,2002,845,AdmitRate-International,0.364224138
Admits-Unknown,2002,4984,AdmitRate-Unknown,0.796293338
Admits-White,2002,23499,AdmitRate-White,0.806860321
Admits-Asian,2002,18934,AdmitRate-Asian,0.817954035
Admits-Chicano/Latino,2002,8299,AdmitRate-Chicano/Latino,0.776478293
Admits-American Indian,2002,369,AdmitRate-American Indian,0.767151767
Admits-African American,2002,1956,AdmitRate-African American,0.627124078
Admits-All,2002,58886,AdmitRate-All,0.78369422
Enrollees-International,2002,316,EnrollRate-International,0.373964497
Enrollees-Unknown,2002,2397,EnrollRate-Unknown,0.480939005
Enrollees-White,2002,11278,EnrollRate-White,0.479935316
Enrollees-Asian,2002,12113,EnrollRate-Asian,0.6397486
Enrollees-Chicano/Latino,2002,4283,EnrollRate-Chicano/Latino,0.516086275
Enrollees-American Indian,2002,170,EnrollRate-American Indian,0.460704607
Enrollees-African American,2002,957,EnrollRate-African American,0.489263804
Enrollees-All,2002,31514,EnrollRate-All,0.53516965
Applicants-International,2003,2397,,
Applicants-Unknown,2003,7385,,
Applicants-White,2003,29331,,
Applicants-Asian,2003,23263,,
Applicants-Chicano/Latino,2003,11950,,
Applicants-American Indian,2003,474,,
Applicants-African American,2003,3408,,
Applicants-All,2003,78208,,
Admits-International,2003,943,AdmitRate-International,0.393408427
Admits-Unknown,2003,6000,AdmitRate-Unknown,0.812457684
Admits-White,2003,24256,AdmitRate-White,0.826974873
Admits-Asian,2003,19431,AdmitRate-Asian,0.8352749
Admits-Chicano/Latino,2003,9200,AdmitRate-Chicano/Latino,0.769874477
Admits-American Indian,2003,350,AdmitRate-American Indian,0.738396624
Admits-African American,2003,2184,AdmitRate-African American,0.64084507
Admits-All,2003,62364,AdmitRate-All,0.797412029
Enrollees-International,2003,341,EnrollRate-International,0.361611877
Enrollees-Unknown,2003,2741,EnrollRate-Unknown,0.456833333
Enrollees-White,2003,11134,EnrollRate-White,0.459020449
Enrollees-Asian,2003,12009,EnrollRate-Asian,0.61803304
Enrollees-Chicano/Latino,2003,4496,EnrollRate-Chicano/Latino,0.488695652
Enrollees-American Indian,2003,144,EnrollRate-American Indian,0.411428571
Enrollees-African American,2003,1001,EnrollRate-African American,0.458333333
Enrollees-All,2003,31866,EnrollRate-All,0.510967866
Applicants-International,2004,2129,,
Applicants-Unknown,2004,6390,,
Applicants-White,2004,27912,,
Applicants-Asian,2004,22961,,
Applicants-Chicano/Latino,2004,11914,,
Applicants-American Indian,2004,484,,
Applicants-African American,2004,3177,,
Applicants-All,2004,74967,,
Admits-International,2004,983,AdmitRate-International,0.461719117
Admits-Unknown,2004,4814,AdmitRate-Unknown,0.753364632
Admits-White,2004,20763,AdmitRate-White,0.743873603
Admits-Asian,2004,17976,AdmitRate-Asian,0.782892731
Admits-Chicano/Latino,2004,8308,AdmitRate-Chicano/Latino,0.697330871
Admits-American Indian,2004,306,AdmitRate-American Indian,0.632231405
Admits-African American,2004,1731,AdmitRate-African American,0.544853636
Admits-All,2004,54881,AdmitRate-All,0.732068777
Enrollees-International,2004,418,EnrollRate-International,0.425228891
Enrollees-Unknown,2004,2427,EnrollRate-Unknown,0.504154549
Enrollees-White,2004,10033,EnrollRate-White,0.483215335
Enrollees-Asian,2004,11428,EnrollRate-Asian,0.635736538
Enrollees-Chicano/Latino,2004,4260,EnrollRate-Chicano/Latino,0.512758787
Enrollees-American Indian,2004,143,EnrollRate-American Indian,0.467320261
Enrollees-African American,2004,836,EnrollRate-African American,0.482957828
Enrollees-All,2004,29545,EnrollRate-All,0.538346604
Applicants-International,2005,2643,,
Applicants-Unknown,2005,5080,,
Applicants-White,2005,28696,,
Applicants-Asian,2005,23602,,
Applicants-Chicano/Latino,2005,12781,,
Applicants-American Indian,2005,467,,
Applicants-African American,2005,3239,,
Applicants-All,2005,76508,,
Admits-International,2005,1199,AdmitRate-International,0.453651154
Admits-Unknown,2005,4193,AdmitRate-Unknown,0.825393701
Admits-White,2005,23765,AdmitRate-White,0.828164204
Admits-Asian,2005,20077,AdmitRate-Asian,0.85064825
Admits-Chicano/Latino,2005,9813,AdmitRate-Chicano/Latino,0.767780299
Admits-American Indian,2005,352,AdmitRate-American Indian,0.753747323
Admits-African American,2005,2021,AdmitRate-African American,0.623958012
Admits-All,2005,61420,AdmitRate-All,0.802791865
Enrollees-International,2005,468,EnrollRate-International,0.390325271
Enrollees-Unknown,2005,2033,EnrollRate-Unknown,0.484855712
Enrollees-White,2005,10646,EnrollRate-White,0.447969703
Enrollees-Asian,2005,12561,EnrollRate-Asian,0.625641281
Enrollees-Chicano/Latino,2005,4678,EnrollRate-Chicano/Latino,0.476714562
Enrollees-American Indian,2005,152,EnrollRate-American Indian,0.431818182
Enrollees-African American,2005,926,EnrollRate-African American,0.458189015
Enrollees-All,2005,31464,EnrollRate-All,0.512276132
Applicants-International,2006,3072,,
Applicants-Unknown,2006,5238,,
Applicants-White,2006,29769,,
Applicants-Asian,2006,26712,,
Applicants-Chicano/Latino,2006,14194,,
Applicants-American Indian,2006,543,,
Applicants-African American,2006,3671,,
Applicants-All,2006,83199,,
Admits-International,2006,1460,AdmitRate-International,0.475260417
Admits-Unknown,2006,4461,AdmitRate-Unknown,0.851660939
Admits-White,2006,24854,AdmitRate-White,0.834895361
Admits-Asian,2006,23261,AdmitRate-Asian,0.870807128
Admits-Chicano/Latino,2006,11390,AdmitRate-Chicano/Latino,0.80245174
Admits-American Indian,2006,424,AdmitRate-American Indian,0.780847145
Admits-African American,2006,2399,AdmitRate-African American,0.653500409
Admits-All,2006,68249,AdmitRate-All,0.82031034
Enrollees-International,2006,565,EnrollRate-International,0.386986301
Enrollees-Unknown,2006,2166,EnrollRate-Unknown,0.485541358
Enrollees-White,2006,11337,EnrollRate-White,0.45614388
Enrollees-Asian,2006,14472,EnrollRate-Asian,0.622157259
Enrollees-Chicano/Latino,2006,5521,EnrollRate-Chicano/Latino,0.484723442
Enrollees-American Indian,2006,179,EnrollRate-American Indian,0.422169811
Enrollees-African American,2006,1088,EnrollRate-African American,0.453522301
Enrollees-All,2006,35328,EnrollRate-All,0.517633958
Applicants-International,2007,3662,,
Applicants-Unknown,2007,5217,,
Applicants-White,2007,30937,,
Applicants-Asian,2007,27516,,
Applicants-Chicano/Latino,2007,15728,,
Applicants-American Indian,2007,546,,
Applicants-African American,2007,4025,,
Applicants-All,2007,87631,,
Admits-International,2007,1660,AdmitRate-International,0.453304205
Admits-Unknown,2007,4389,AdmitRate-Unknown,0.841288097
Admits-White,2007,25802,AdmitRate-White,0.834017519
Admits-Asian,2007,23811,AdmitRate-Asian,0.865351068
Admits-Chicano/Latino,2007,12497,AdmitRate-Chicano/Latino,0.794570193
Admits-American Indian,2007,436,AdmitRate-American Indian,0.798534799
Admits-African American,2007,2676,AdmitRate-African American,0.66484472
Admits-All,2007,71271,AdmitRate-All,0.813308076
Enrollees-International,2007,593,EnrollRate-International,0.357228916
Enrollees-Unknown,2007,1946,EnrollRate-Unknown,0.44338118
Enrollees-White,2007,11054,EnrollRate-White,0.428416402
Enrollees-Asian,2007,14301,EnrollRate-Asian,0.600604763
Enrollees-Chicano/Latino,2007,5909,EnrollRate-Chicano/Latino,0.47283348
Enrollees-American Indian,2007,177,EnrollRate-American Indian,0.405963303
Enrollees-African American,2007,1271,EnrollRate-African American,0.474962631
Enrollees-All,2007,35251,EnrollRate-All,0.494605099
Applicants-International,2008,4618,,
Applicants-Unknown,2008,5941,,
Applicants-White,2008,32746,,
Applicants-Asian,2008,28453,,
Applicants-Chicano/Latino,2008,18550,,
Applicants-American Indian,2008,585,,
Applicants-African American,2008,4670,,
Applicants-All,2008,95563,,
Admits-International,2008,2264,AdmitRate-International,0.490255522
Admits-Unknown,2008,4931,AdmitRate-Unknown,0.82999495
Admits-White,2008,27139,AdmitRate-White,0.82877298
Admits-Asian,2008,24392,AdmitRate-Asian,0.857273398
Admits-Chicano/Latino,2008,14597,AdmitRate-Chicano/Latino,0.78690027
Admits-American Indian,2008,437,AdmitRate-American Indian,0.747008547
Admits-African American,2008,2931,AdmitRate-African American,0.627623126
Admits-All,2008,76691,AdmitRate-All,0.802517711
Enrollees-International,2008,866,EnrollRate-International,0.382508834
Enrollees-Unknown,2008,2145,EnrollRate-Unknown,0.435003042
Enrollees-White,2008,11214,EnrollRate-White,0.413206087
Enrollees-Asian,2008,14071,EnrollRate-Asian,0.576869465
Enrollees-Chicano/Latino,2008,6683,EnrollRate-Chicano/Latino,0.457833801
Enrollees-American Indian,2008,167,EnrollRate-American Indian,0.38215103
Enrollees-African American,2008,1392,EnrollRate-African American,0.474923234
Enrollees-All,2008,36538,EnrollRate-All,0.476431394
Applicants-International,2009,5974,,
Applicants-Unknown,2009,4786,,
Applicants-White,2009,32159,,
Applicants-Asian,2009,29517,,
Applicants-Chicano/Latino,2009,20185,,
Applicants-American Indian,2009,658,,
Applicants-African American,2009,4925,,
Applicants-All,2009,98204,,
Admits-International,2009,2548,,
Admits-Unknown,2009,3945,,
Admits-White,2009,26244,,
Admits-Asian,2009,24933,,
Admits-Chicano/Latino,2009,15387,,
Admits-American Indian,2009,518,,
Admits-African American,2009,2951,,
Admits-All,2009,76526,,
Enrollees-International,2009,779,,
Enrollees-Unknown,2009,1621,,
Enrollees-White,2009,10127,,
Enrollees-Asian,2009,13602,,
Enrollees-Chicano/Latino,2009,6642,,
Enrollees-American Indian,2009,214,,
Enrollees-African American,2009,1257,,
Enrollees-All,2009,34242,,
Applicants-International,2010,6791,,
Applicants-Unknown,2010,5226,,
Applicants-White,2010,30551,,
Applicants-Asian,2010,30115,,
Applicants-Chicano/Latino,2010,21436,,
Applicants-American Indian,2010,835,,
Applicants-African American,2010,5534,,
Applicants-All,2010,100488,,
Admits-International,2010,3567,,
Admits-Unknown,2010,4244,,
Admits-White,2010,25396,,
Admits-Asian,2010,25600,,
Admits-Chicano/Latino,2010,16340,,
Admits-American Indian,2010,656,,
Admits-African American,2010,3181,,
Admits-All,2010,78984,,
Enrollees-International,2010,1217,,
Enrollees-Unknown,2010,1661,,
Enrollees-White,2010,9195,,
Enrollees-Asian,2010,13673,,
Enrollees-Chicano/Latino,2010,7169,,
Enrollees-American Indian,2010,249,,
Enrollees-African American,2010,1258,,
Enrollees-All,2010,34422,,
Applicants-International,2011,8530,,
Applicants-Unknown,2011,2496,,
Applicants-White,2011,31354,,
Applicants-Asian,2011,32104,,
Applicants-Chicano/Latino,2011,25256,,
Applicants-American Indian,2011,759,,
Applicants-African American,2011,5810,,
Applicants-All,2011,106309,,
Admits-International,2011,5586,,
Admits-Unknown,2011,1856,,
Admits-White,2011,22952,,
Admits-Asian,2011,25439,,
Admits-Chicano/Latino,2011,16696,,
Admits-American Indian,2011,511,,
Admits-African American,2011,3059,,
Admits-All,2011,76099,,
Enrollees-International,2011,2196,,
Enrollees-Unknown,2011,726,,
Enrollees-White,2011,9274,,
Enrollees-Asian,2011,14188,,
Enrollees-Chicano/Latino,2011,8389,,
Enrollees-American Indian,2011,228,,
Enrollees-African American,2011,1342,,
Enrollees-All,2011,36343,,
Applicants-International,2012,14197,,
Applicants-Unknown,2012,3236,,
Applicants-White,2012,34446,,
Applicants-Asian,2012,36501,,
Applicants-Chicano/Latino,2012,30047,,
Applicants-American Indian,2012,890,,
Applicants-African American,2012,7232,,
Applicants-All,2012,126549,,
Admits-International,2012,8793,,
Admits-Unknown,2012,2261,,
Admits-White,2012,23399,,
Admits-Asian,2012,27310,,
Admits-Chicano/Latino,2012,18080,,
Admits-American Indian,2012,571,,
Admits-African American,2012,3445,,
Admits-All,2012,83859,,
Enrollees-International,2012,3364,,
Enrollees-Unknown,2012,911,,
Enrollees-White,2012,9039,,
Enrollees-Asian,2012,14783,,
Enrollees-Chicano/Latino,2012,8889,,
Enrollees-American Indian,2012,233,,
Enrollees-African American,2012,1512,,
Enrollees-All,2012,38731,,
Applicants-International,2013,18905,,
Applicants-Unknown,2013,3795,,
Applicants-White,2013,36604,,
Applicants-Asian,2013,37921,,
Applicants-Chicano/Latino,2013,34212,,
Applicants-American Indian,2013,904,,
Applicants-African American,2013,7683,,
Applicants-All,2013,140024,,
Admits-International,2013,11328,,
Admits-Unknown,2013,2577,,
Admits-White,2013,23101,,
Admits-Asian,2013,26922,,
Admits-Chicano/Latino,2013,18537,,
Admits-American Indian,2013,489,,
Admits-African American,2013,3315,,
Admits-All,2013,86269,,
Enrollees-International,2013,4060,,
Enrollees-Unknown,2013,1146,,
Enrollees-White,2013,9155,,
Enrollees-Asian,2013,14496,,
Enrollees-Chicano/Latino,2013,9491,,
Enrollees-American Indian,2013,194,,
Enrollees-African American,2013,1442,,
Enrollees-All,2013,39984,,
Applicants-International,2014,22892,,
Applicants-Unknown,2014,3842,,
Applicants-White,2014,37483,,
Applicants-Asian,2014,40141,,
Applicants-Chicano/Latino,2014,35464,,
Applicants-American Indian,2014,1018,,
Applicants-African American,2014,7932,,
Applicants-All,2014,148772,,
Admits-International,2014,13514,,
Admits-Unknown,2014,2433,,
Admits-White,2014,22442,,
Admits-Asian,2014,27640,,
Admits-Chicano/Latino,2014,19246,,
Admits-American Indian,2014,561,,
Admits-African American,2014,3349,,
Admits-All,2014,89185,,
Enrollees-International,2014,4615,,
Enrollees-Unknown,2014,1051,,
Enrollees-White,2014,9081,,
Enrollees-Asian,2014,14897,,
Enrollees-Chicano/Latino,2014,10166,,
Enrollees-American Indian,2014,242,,
Enrollees-African American,2014,1516,,
Enrollees-All,2014,41568,,
Applicants-International,2015,24960,,
Applicants-Unknown,2015,4553,,
Applicants-White,2015,38814,,
Applicants-Asian,2015,41726,,
Applicants-Chicano/Latino,2015,38484,,
Applicants-American Indian,2015,965,,
Applicants-African American,2015,8804,,
Applicants-All,2015,158306,,
Admits-International,2015,15277,,
Admits-Unknown,2015,2754,,
Admits-White,2015,22134,,
Admits-Asian,2015,27976,,
Admits-Chicano/Latino,2015,19340,,
Admits-American Indian,2015,529,,
Admits-African American,2015,3369,,
Admits-All,2015,91379,,
Enrollees-International,2015,5459,,
Enrollees-Unknown,2015,1201,,
Enrollees-White,2015,8719,,
Enrollees-Asian,2015,14502,,
Enrollees-Chicano/Latino,2015,9992,,
Enrollees-American Indian,2015,217,,
Enrollees-African American,2015,1466,,
Enrollees-All,2015,41556,,
Applicants-International,2016,27409,,
Applicants-Unknown,2016,4642,,
Applicants-White,2016,40372,,
Applicants-Asian,2016,42544,,
Applicants-Chicano/Latino,2016,41334,,
Applicants-American Indian,2016,936,,
Applicants-African American,2016,9325,,
Applicants-All,2016,166562,,
Admits-International,2016,17169,,
Admits-Unknown,2016,3071,,
Admits-White,2016,25073,,
Admits-Asian,2016,30485,,
Admits-Chicano/Latino,2016,24377,,
Admits-American Indian,2016,544,,
Admits-African American,2016,4358,,
Admits-All,2016,105077,,
Enrollees-International,2016,5829,,
Enrollees-Unknown,2016,1309,,
Enrollees-White,2016,9790,,
Enrollees-Asian,2016,15868,,
Enrollees-Chicano/Latino,2016,12540,,
Enrollees-American Indian,2016,217,,
Enrollees-African American,2016,1926,,
Enrollees-All,2016,47479,,
Applicants-International,2017,27193,,
Applicants-Unknown,2017,4612,,
Applicants-White,2017,40187,,
Applicants-Asian,2017,43992,,
Applicants-Chicano/Latino,2017,45241,,
Applicants-American Indian,2017,969,,
Applicants-African American,2017,9664,,
Applicants-All,2017,171858,,
Admits-International,2017,18067,,
Admits-Unknown,2017,2928,,
Admits-White,2017,23941,,
Admits-Asian,2017,30559,,
Admits-Chicano/Latino,2017,24414,,
Admits-American Indian,2017,561,,
Admits-African American,2017,4352,,
Admits-All,2017,104822,,
Enrollees-International,2017,5954,,
Enrollees-Unknown,2017,1214,,
Enrollees-White,2017,9314,,
Enrollees-Asian,2017,15487,,
Enrollees-Chicano/Latino,2017,11960,,
Enrollees-American Indian,2017,204,,
Enrollees-African American,2017,1873,,
Enrollees-All,2017,46006,,
Applicants-International,2018,28566,,
Applicants-Unknown,2018,5220,,
Applicants-White,2018,40078,,
Applicants-Asian,2018,48591,,
Applicants-Chicano/Latino,2018,48478,,
Applicants-American Indian,2018,902,,
Applicants-African American,2018,10294,,
Applicants-All,2018,182129,,
Admits-International,2018,18901,,
Admits-Unknown,2018,3232,,
Admits-White,2018,22874,,
Admits-Asian,2018,32403,,
Admits-Chicano/Latino,2018,25078,,
Admits-American Indian,2018,507,,
Admits-African American,2018,4444,,
Admits-All,2018,107439,,
Enrollees-International,2018,6265,,
Enrollees-Unknown,2018,1327,,
Enrollees-White,2018,8871,,
Enrollees-Asian,2018,16398,,
Enrollees-Chicano/Latino,2018,11678,,
Enrollees-American Indian,2018,223,,
Enrollees-African American,2018,1915,,
Enrollees-All,2018,46677,,
Applicants-International,2019,27770,,
Applicants-Unknown,2019,4507,,
Applicants-White,2019,38235,,
Applicants-Asian,2019,48174,,
Applicants-Chicano/Latino,2019,47399,,
Applicants-American Indian,2019,765,,
Applicants-African American,2019,9866,,
Applicants-All,2019,176716,,
Admits-International,2019,18404,AdmitRate-International,0.662729564
Admits-Unknown,2019,2877,AdmitRate-Unknown,0.638340359
Admits-White,2019,22469,AdmitRate-White,0.58765529
Admits-Asian,2019,32826,AdmitRate-Asian,0.681404907
Admits-Chicano/Latino,2019,26247,AdmitRate-Chicano/Latino,0.55374586
Admits-American Indian,2019,439,AdmitRate-American Indian,0.573856209
Admits-African American,2019,4406,AdmitRate-African American,0.446584229
Admits-All,2019,107668,AdmitRate-All,0.609271373
Enrollees-International,2019,5928,EnrollRate-International,0.32210389
Enrollees-Unknown,2019,1128,EnrollRate-Unknown,0.392075078
Enrollees-White,2019,8867,EnrollRate-White,0.394632605
Enrollees-Asian,2019,16362,EnrollRate-Asian,0.498446354
Enrollees-Chicano/Latino,2019,11695,EnrollRate-Chicano/Latino,0.445574732
Enrollees-American Indian,2019,193,EnrollRate-American Indian,0.439635535
Enrollees-African American,2019,1778,EnrollRate-African American,0.403540626
Enrollees-All,2019,45951,EnrollRate-All,0.426784188
Academic Yr,Category,Ethnicity,Perc FR,FilteredCountFR
2019,Applicants,International,19.49%,17035
2019,Applicants,Unknown,3.04%,2655
2019,Applicants,White,20.61%,18013
2019,Applicants,Asian,33.31%,29116
2019,Applicants,Chicano/Latino,18.17%,15877
2019,Applicants,American Indian,0.39%,338
2019,Applicants,African American,4.99%,4364
2019,Applicants,All,100.00%,87398
2018,Applicants,International,19.04%,17064
2018,Applicants,Unknown,3.40%,3046
2018,Applicants,White,21.10%,18911
2018,Applicants,Asian,32.55%,29170
2018,Applicants,Chicano/Latino,18.18%,16293
2018,Applicants,American Indian,0.43%,382
2018,Applicants,African American,5.29%,4743
2018,Applicants,All,100.00%,89609
2017,Applicants,International,18.15%,15434
2017,Applicants,Unknown,3.11%,2643
2017,Applicants,White,23.58%,20053
2017,Applicants,Asian,30.77%,26166
2017,Applicants,Chicano/Latino,18.68%,15883
2017,Applicants,American Indian,0.50%,427
2017,Applicants,African American,5.22%,4439
2017,Applicants,All,100.00%,85045
2016,Applicants,International,18.94%,15633
2016,Applicants,Unknown,3.30%,2728
2016,Applicants,White,24.11%,19905
2016,Applicants,Asian,30.19%,24928
2016,Applicants,Chicano/Latino,17.83%,14724
2016,Applicants,American Indian,0.51%,422
2016,Applicants,African American,5.11%,4220
2016,Applicants,All,100.00%,82560
2015,Applicants,International,19.05%,15027
2015,Applicants,Unknown,3.16%,2494
2015,Applicants,White,23.81%,18781
2015,Applicants,Asian,30.88%,24365
2015,Applicants,Chicano/Latino,17.57%,13865
2015,Applicants,American Indian,0.53%,417
2015,Applicants,African American,5.00%,3944
2015,Applicants,All,100.00%,78893
2014,Applicants,International,18.59%,13719
2014,Applicants,Unknown,2.80%,2066
2014,Applicants,White,24.12%,17795
2014,Applicants,Asian,31.31%,23099
2014,Applicants,Chicano/Latino,17.78%,13122
2014,Applicants,American Indian,0.60%,444
2014,Applicants,African American,4.80%,3540
2014,Applicants,All,100.00%,73785
2013,Applicants,International,17.13%,11601
2013,Applicants,Unknown,3.04%,2059
2013,Applicants,White,24.90%,16859
2013,Applicants,Asian,31.25%,21157
2013,Applicants,Chicano/Latino,18.20%,12321
2013,Applicants,American Indian,0.48%,328
2013,Applicants,African American,4.99%,3381
2013,Applicants,All,100.00%,67706
2012,Applicants,International,15.29%,9434
2012,Applicants,Unknown,2.77%,1708
2012,Applicants,White,24.96%,15406
2012,Applicants,Asian,33.31%,20555
2012,Applicants,Chicano/Latino,18.01%,11117
2012,Applicants,American Indian,0.60%,368
2012,Applicants,African American,5.07%,3129
2012,Applicants,All,100.00%,61717
2011,Applicants,International,11.95%,6330
2011,Applicants,Unknown,2.41%,1279
2011,Applicants,White,27.56%,14604
2011,Applicants,Asian,34.66%,18365
2011,Applicants,Chicano/Latino,17.79%,9427
2011,Applicants,American Indian,0.62%,330
2011,Applicants,African American,5.00%,2647
2011,Applicants,All,100.00%,52982
2010,Applicants,International,9.78%,4929
2010,Applicants,Unknown,5.40%,2721
2010,Applicants,White,28.13%,14170
2010,Applicants,Asian,34.41%,17332
2010,Applicants,Chicano/Latino,16.30%,8209
2010,Applicants,American Indian,0.70%,352
2010,Applicants,African American,5.28%,2661
2010,Applicants,All,100.00%,50374
2009,Applicants,International,9.00%,4383
2009,Applicants,Unknown,5.48%,2670
2009,Applicants,White,29.88%,14547
2009,Applicants,Asian,34.30%,16697
2009,Applicants,Chicano/Latino,16.02%,7797
2009,Applicants,American Indian,0.55%,270
2009,Applicants,African American,4.76%,2318
2009,Applicants,All,100.00%,48682
2008,Applicants,International,6.84%,3317
2008,Applicants,Unknown,6.74%,3267
2008,Applicants,White,31.04%,15045
2008,Applicants,Asian,34.46%,16702
2008,Applicants,Chicano/Latino,15.79%,7653
2008,Applicants,American Indian,0.51%,246
2008,Applicants,African American,4.63%,2243
2008,Applicants,All,100.00%,48473
2007,Applicants,International,5.90%,2606
2007,Applicants,Unknown,6.35%,2805
2007,Applicants,White,31.80%,14040
2007,Applicants,Asian,36.23%,15996
2007,Applicants,Chicano/Latino,14.60%,6446
2007,Applicants,American Indian,0.53%,233
2007,Applicants,African American,4.58%,2023
2007,Applicants,All,100.00%,44149
2006,Applicants,International,5.24%,2189
2006,Applicants,Unknown,6.85%,2862
2006,Applicants,White,31.23%,13053
2006,Applicants,Asian,37.47%,15660
2006,Applicants,Chicano/Latino,14.16%,5918
2006,Applicants,American Indian,0.60%,251
2006,Applicants,African American,4.46%,1863
2006,Applicants,All,100.00%,41796
2005,Applicants,International,5.12%,1896
2005,Applicants,Unknown,7.22%,2671
2005,Applicants,White,32.66%,12089
2005,Applicants,Asian,36.76%,13607
2005,Applicants,Chicano/Latino,13.46%,4982
2005,Applicants,American Indian,0.52%,191
2005,Applicants,African American,4.26%,1578
2005,Applicants,All,100.00%,37014
2004,Applicants,International,4.14%,1524
2004,Applicants,Unknown,8.92%,3284
2004,Applicants,White,31.54%,11617
2004,Applicants,Asian,37.50%,13813
2004,Applicants,Chicano/Latino,13.18%,4853
2004,Applicants,American Indian,0.50%,185
2004,Applicants,African American,4.23%,1558
2004,Applicants,All,100.00%,36834
2003,Applicants,International,4.72%,1746
2003,Applicants,Unknown,9.64%,3568
2003,Applicants,White,31.49%,11651
2003,Applicants,Asian,36.38%,13462
2003,Applicants,Chicano/Latino,12.58%,4653
2003,Applicants,American Indian,0.54%,198
2003,Applicants,African American,4.66%,1723
2003,Applicants,All,100.00%,37001
2002,Applicants,International,4.49%,1635
2002,Applicants,Unknown,8.68%,3165
2002,Applicants,White,32.47%,11835
2002,Applicants,Asian,37.78%,13770
2002,Applicants,Chicano/Latino,11.75%,4282
2002,Applicants,American Indian,0.55%,200
2002,Applicants,African American,4.27%,1558
2002,Applicants,All,100.00%,36445
2001,Applicants,International,5.63%,2039
2001,Applicants,Unknown,9.57%,3467
2001,Applicants,White,31.79%,11515
2001,Applicants,Asian,37.41%,13551
2001,Applicants,Chicano/Latino,11.01%,3990
2001,Applicants,American Indian,0.57%,207
2001,Applicants,African American,4.02%,1458
2001,Applicants,All,100.00%,36227
2000,Applicants,International,5.08%,1695
2000,Applicants,Unknown,9.80%,3268
2000,Applicants,White,32.95%,10989
2000,Applicants,Asian,37.39%,12469
2000,Applicants,Chicano/Latino,10.31%,3439
2000,Applicants,American Indian,0.52%,173
2000,Applicants,African American,3.95%,1318
2000,Applicants,All,100.00%,33351
1999,Applicants,International,4.81%,1503
1999,Applicants,Unknown,9.67%,3020
1999,Applicants,White,34.62%,10813
1999,Applicants,Asian,37.69%,11772
1999,Applicants,Chicano/Latino,9.04%,2823
1999,Applicants,American Indian,0.51%,159
1999,Applicants,African American,3.66%,1143
1999,Applicants,All,100.00%,31233
1998,Applicants,International,4.72%,1421
1998,Applicants,Unknown,15.39%,4638
1998,Applicants,White,29.64%,8931
1998,Applicants,Asian,35.03%,10557
1998,Applicants,Chicano/Latino,10.47%,3156
1998,Applicants,American Indian,0.58%,175
1998,Applicants,African American,4.17%,1256
1998,Applicants,All,100.00%,30134
1997,Applicants,International,5.21%,1420
1997,Applicants,Unknown,6.00%,1636
1997,Applicants,White,34.58%,9430
1997,Applicants,Asian,38.84%,10593
1997,Applicants,Chicano/Latino,10.55%,2878
1997,Applicants,American Indian,0.51%,138
1997,Applicants,African American,4.31%,1176
1997,Applicants,All,100.00%,27271
1996,Applicants,International,3.79%,955
1996,Applicants,Unknown,7.57%,1909
1996,Applicants,White,33.84%,8531
1996,Applicants,Asian,38.08%,9600
1996,Applicants,Chicano/Latino,11.23%,2831
1996,Applicants,American Indian,0.68%,172
1996,Applicants,African American,4.81%,1213
1996,Applicants,All,100.00%,25211
1995,Applicants,International,4.26%,977
1995,Applicants,Unknown,6.43%,1474
1995,Applicants,White,33.92%,7771
1995,Applicants,Asian,37.37%,8560
1995,Applicants,Chicano/Latino,11.92%,2730
1995,Applicants,American Indian,0.86%,197
1995,Applicants,African American,5.23%,1199
1995,Applicants,All,100.00%,22908
1994,Applicants,International,3.62%,759
1994,Applicants,Unknown,5.98%,1255
1994,Applicants,White,33.28%,6984
1994,Applicants,Asian,39.73%,8336
1994,Applicants,Chicano/Latino,11.55%,2423
1994,Applicants,American Indian,0.67%,140
1994,Applicants,African American,5.18%,1087
1994,Applicants,All,100.00%,20984
2019,Admits,International,10.81%,1543
2019,Admits,Unknown,4.63%,661
2019,Admits,White,22.57%,3223
2019,Admits,Asian,41.87%,5978
2019,Admits,Chicano/Latino,15.98%,2282
2019,Admits,American Indian,0.57%,82
2019,Admits,African American,3.56%,508
2019,Admits,All,100.00%,14277
2018,Admits,International,10.92%,1453
2018,Admits,Unknown,5.24%,697
2018,Admits,White,23.42%,3115
2018,Admits,Asian,40.43%,5378
2018,Admits,Chicano/Latino,15.66%,2083
2018,Admits,American Indian,0.39%,52
2018,Admits,African American,3.93%,523
2018,Admits,All,100.00%,13301
2017,Admits,International,8.93%,1299
2017,Admits,Unknown,4.85%,706
2017,Admits,White,27.13%,3947
2017,Admits,Asian,40.52%,5895
2017,Admits,Chicano/Latino,14.55%,2117
2017,Admits,American Indian,0.63%,92
2017,Admits,African American,3.39%,493
2017,Admits,All,100.00%,14549
2016,Admits,International,8.07%,1128
2016,Admits,Unknown,5.42%,758
2016,Admits,White,27.38%,3827
2016,Admits,Asian,41.41%,5787
2016,Admits,Chicano/Latino,13.84%,1934
2016,Admits,American Indian,0.55%,77
2016,Admits,African American,3.32%,464
2016,Admits,All,100.00%,13975
2015,Admits,International,10.58%,1409
2015,Admits,Unknown,4.94%,658
2015,Admits,White,26.25%,3496
2015,Admits,Asian,40.41%,5383
2015,Admits,Chicano/Latino,14.04%,1870
2015,Admits,American Indian,0.56%,75
2015,Admits,African American,3.22%,429
2015,Admits,All,100.00%,13320
2014,Admits,International,12.77%,1509
2014,Admits,Unknown,4.31%,509
2014,Admits,White,26.90%,3179
2014,Admits,Asian,38.74%,4579
2014,Admits,Chicano/Latino,13.66%,1615
2014,Admits,American Indian,0.76%,90
2014,Admits,African American,2.87%,339
2014,Admits,All,100.00%,11820
2013,Admits,International,15.00%,1789
2013,Admits,Unknown,4.17%,497
2013,Admits,White,27.29%,3256
2013,Admits,Asian,38.03%,4537
2013,Admits,Chicano/Latino,11.97%,1428
2013,Admits,American Indian,0.50%,60
2013,Admits,African American,3.04%,363
2013,Admits,All,100.00%,11930
2012,Admits,International,11.36%,1262
2012,Admits,Unknown,3.90%,433
2012,Admits,White,27.02%,3001
2012,Admits,Asian,40.16%,4461
2012,Admits,Chicano/Latino,13.59%,1510
2012,Admits,American Indian,0.68%,76
2012,Admits,African American,3.29%,365
2012,Admits,All,100.00%,11108
2011,Admits,International,12.70%,1454
2011,Admits,Unknown,3.22%,369
2011,Admits,White,28.81%,3299
2011,Admits,Asian,39.29%,4500
2011,Admits,Chicano/Latino,12.22%,1399
2011,Admits,American Indian,0.67%,77
2011,Admits,African American,3.09%,354
2011,Admits,All,100.00%,11452
2010,Admits,International,10.69%,1154
2010,Admits,Unknown,6.72%,725
2010,Admits,White,30.45%,3287
2010,Admits,Asian,37.01%,3995
2010,Admits,Chicano/Latino,11.27%,1217
2010,Admits,American Indian,0.74%,80
2010,Admits,African American,3.12%,337
2010,Admits,All,100.00%,10795
2009,Admits,International,7.22%,760
2009,Admits,Unknown,6.95%,732
2009,Admits,White,31.52%,3318
2009,Admits,Asian,38.34%,4036
2009,Admits,Chicano/Latino,12.34%,1299
2009,Admits,American Indian,0.47%,49
2009,Admits,African American,3.17%,334
2009,Admits,All,100.00%,10528
2008,Admits,International,7.21%,750
2008,Admits,Unknown,8.46%,880
2008,Admits,White,31.60%,3288
2008,Admits,Asian,37.43%,3895
2008,Admits,Chicano/Latino,11.79%,1227
2008,Admits,American Indian,0.44%,46
2008,Admits,African American,3.07%,319
2008,Admits,All,100.00%,10405
2007,Admits,International,3.14%,322
2007,Admits,Unknown,7.67%,786
2007,Admits,White,33.29%,3413
2007,Admits,Asian,40.02%,4103
2007,Admits,Chicano/Latino,12.16%,1247
2007,Admits,American Indian,0.58%,59
2007,Admits,African American,3.14%,322
2007,Admits,All,100.00%,10252
2006,Admits,International,2.86%,284
2006,Admits,Unknown,8.11%,806
2006,Admits,White,32.07%,3188
2006,Admits,Asian,41.04%,4080
2006,Admits,Chicano/Latino,12.08%,1201
2006,Admits,American Indian,0.58%,58
2006,Admits,African American,3.26%,324
2006,Admits,All,100.00%,9941
2005,Admits,International,2.81%,276
2005,Admits,Unknown,8.02%,788
2005,Admits,White,34.38%,3379
2005,Admits,Asian,39.56%,3888
2005,Admits,Chicano/Latino,11.61%,1141
2005,Admits,American Indian,0.54%,53
2005,Admits,African American,3.09%,304
2005,Admits,All,100.00%,9829
2004,Admits,International,2.13%,193
2004,Admits,Unknown,9.60%,869
2004,Admits,White,34.93%,3163
2004,Admits,Asian,39.58%,3584
2004,Admits,Chicano/Latino,10.67%,966
2004,Admits,American Indian,0.45%,41
2004,Admits,African American,2.64%,239
2004,Admits,All,100.00%,9055
2003,Admits,International,2.95%,261
2003,Admits,Unknown,10.35%,916
2003,Admits,White,32.24%,2853
2003,Admits,Asian,38.39%,3397
2003,Admits,Chicano/Latino,11.78%,1042
2003,Admits,American Indian,0.58%,51
2003,Admits,African American,3.71%,328
2003,Admits,All,100.00%,8848
2002,Admits,International,2.10%,183
2002,Admits,Unknown,9.45%,823
2002,Admits,White,33.30%,2900
2002,Admits,Asian,39.00%,3396
2002,Admits,Chicano/Latino,11.82%,1029
2002,Admits,American Indian,0.53%,46
2002,Admits,African American,3.80%,331
2002,Admits,All,100.00%,8708
2001,Admits,International,2.02%,182
2001,Admits,Unknown,10.79%,974
2001,Admits,White,33.16%,2994
2001,Admits,Asian,38.24%,3452
2001,Admits,Chicano/Latino,11.39%,1028
2001,Admits,American Indian,0.63%,57
2001,Admits,African American,3.78%,341
2001,Admits,All,100.00%,9028
2000,Admits,International,2.56%,228
2000,Admits,Unknown,11.08%,987
2000,Admits,White,33.85%,3015
2000,Admits,Asian,37.74%,3361
2000,Admits,Chicano/Latino,10.26%,914
2000,Admits,American Indian,0.54%,48
2000,Admits,African American,3.96%,353
2000,Admits,All,100.00%,8906
1999,Admits,International,2.57%,220
1999,Admits,Unknown,10.72%,917
1999,Admits,White,35.16%,3008
1999,Admits,Asian,38.53%,3297
1999,Admits,Chicano/Latino,8.92%,763
1999,Admits,American Indian,0.48%,41
1999,Admits,African American,3.62%,310
1999,Admits,All,100.00%,8556
1998,Admits,International,2.32%,198
1998,Admits,Unknown,16.89%,1444
1998,Admits,White,32.88%,2811
1998,Admits,Asian,37.05%,3167
1998,Admits,Chicano/Latino,7.59%,649
1998,Admits,American Indian,0.36%,31
1998,Admits,African American,2.90%,248
1998,Admits,All,100.00%,8548
1997,Admits,International,2.36%,202
1997,Admits,Unknown,7.30%,625
1997,Admits,White,33.01%,2827
1997,Admits,Asian,35.08%,3005
1997,Admits,Chicano/Latino,14.92%,1278
1997,Admits,American Indian,0.77%,66
1997,Admits,African American,6.56%,562
1997,Admits,All,100.00%,8565
1996,Admits,International,2.25%,205
1996,Admits,Unknown,7.52%,686
1996,Admits,White,33.76%,3080
1996,Admits,Asian,33.61%,3066
1996,Admits,Chicano/Latino,15.11%,1378
1996,Admits,American Indian,1.21%,110
1996,Admits,African American,6.54%,597
1996,Admits,All,100.00%,9122
1995,Admits,International,2.27%,203
1995,Admits,Unknown,6.42%,573
1995,Admits,White,33.21%,2965
1995,Admits,Asian,32.84%,2932
1995,Admits,Chicano/Latino,16.87%,1506
1995,Admits,American Indian,1.50%,134
1995,Admits,African American,6.88%,614
1995,Admits,All,100.00%,8927
1994,Admits,International,1.92%,165
1994,Admits,Unknown,5.97%,512
1994,Admits,White,32.44%,2784
1994,Admits,Asian,36.01%,3090
1994,Admits,Chicano/Latino,16.02%,1375
1994,Admits,American Indian,1.15%,99
1994,Admits,African American,6.48%,556
1994,Admits,All,100.00%,8581
2019,Enrollees,International,13.14%,848
2019,Enrollees,Unknown,4.66%,301
2019,Enrollees,White,21.06%,1359
2019,Enrollees,Asian,42.95%,2772
2019,Enrollees,Chicano/Latino,15.06%,972
2019,Enrollees,American Indian,0.37%,24
2019,Enrollees,African American,2.76%,178
2019,Enrollees,All,100.00%,6454
2018,Enrollees,International,13.29%,799
2018,Enrollees,Unknown,4.79%,288
2018,Enrollees,White,21.24%,1277
2018,Enrollees,Asian,41.63%,2503
2018,Enrollees,Chicano/Latino,15.57%,936
2018,Enrollees,American Indian,0.33%,20
2018,Enrollees,African American,3.14%,189
2018,Enrollees,All,100.00%,6012
2017,Enrollees,International,10.93%,697
2017,Enrollees,Unknown,4.72%,301
2017,Enrollees,White,24.53%,1565
2017,Enrollees,Asian,42.08%,2684
2017,Enrollees,Chicano/Latino,14.45%,922
2017,Enrollees,American Indian,0.38%,24
2017,Enrollees,African American,2.92%,186
2017,Enrollees,All,100.00%,6379
2016,Enrollees,International,9.37%,586
2016,Enrollees,Unknown,5.25%,328
2016,Enrollees,White,25.62%,1602
2016,Enrollees,Asian,43.17%,2699
2016,Enrollees,Chicano/Latino,13.48%,843
2016,Enrollees,American Indian,0.35%,22
2016,Enrollees,African American,2.75%,172
2016,Enrollees,All,100.00%,6252
2015,Enrollees,International,12.38%,687
2015,Enrollees,Unknown,4.72%,262
2015,Enrollees,White,24.20%,1343
2015,Enrollees,Asian,42.05%,2334
2015,Enrollees,Chicano/Latino,13.37%,742
2015,Enrollees,American Indian,0.49%,27
2015,Enrollees,African American,2.79%,155
2015,Enrollees,All,100.00%,5550
2014,Enrollees,International,13.68%,748
2014,Enrollees,Unknown,3.73%,204
2014,Enrollees,White,24.73%,1352
2014,Enrollees,Asian,39.75%,2173
2014,Enrollees,Chicano/Latino,14.42%,788
2014,Enrollees,American Indian,0.77%,42
2014,Enrollees,African American,2.91%,159
2014,Enrollees,All,100.00%,5466
2013,Enrollees,International,18.02%,848
2013,Enrollees,Unknown,3.57%,168
2013,Enrollees,White,24.61%,1158
2013,Enrollees,Asian,38.76%,1824
2013,Enrollees,Chicano/Latino,11.90%,560
2013,Enrollees,American Indian,0.38%,18
2013,Enrollees,African American,2.76%,130
2013,Enrollees,All,100.00%,4706
2012,Enrollees,International,12.69%,528
2012,Enrollees,Unknown,3.32%,138
2012,Enrollees,White,24.07%,1002
2012,Enrollees,Asian,42.84%,1783
2012,Enrollees,Chicano/Latino,12.97%,540
2012,Enrollees,American Indian,0.70%,29
2012,Enrollees,African American,3.41%,142
2012,Enrollees,All,100.00%,4162
2011,Enrollees,International,14.88%,661
2011,Enrollees,Unknown,2.30%,102
2011,Enrollees,White,26.76%,1189
2011,Enrollees,Asian,41.48%,1843
2011,Enrollees,Chicano/Latino,10.92%,485
2011,Enrollees,American Indian,0.74%,33
2011,Enrollees,African American,2.93%,130
2011,Enrollees,All,100.00%,4443
2010,Enrollees,International,12.46%,512
2010,Enrollees,Unknown,6.08%,250
2010,Enrollees,White,27.91%,1147
2010,Enrollees,Asian,39.50%,1623
2010,Enrollees,Chicano/Latino,10.37%,426
2010,Enrollees,American Indian,0.68%,28
2010,Enrollees,African American,2.99%,123
2010,Enrollees,All,100.00%,4109
2009,Enrollees,International,7.46%,325
2009,Enrollees,Unknown,5.88%,256
2009,Enrollees,White,30.33%,1321
2009,Enrollees,Asian,41.99%,1829
2009,Enrollees,Chicano/Latino,10.95%,477
2009,Enrollees,American Indian,0.44%,19
2009,Enrollees,African American,2.96%,129
2009,Enrollees,All,100.00%,4356
2008,Enrollees,International,8.31%,354
2008,Enrollees,Unknown,7.35%,313
2008,Enrollees,White,27.65%,1178
2008,Enrollees,Asian,41.96%,1788
2008,Enrollees,Chicano/Latino,10.87%,463
2008,Enrollees,American Indian,0.45%,19
2008,Enrollees,African American,3.43%,146
2008,Enrollees,All,100.00%,4261
2007,Enrollees,International,3.03%,128
2007,Enrollees,Unknown,6.56%,277
2007,Enrollees,White,29.85%,1261
2007,Enrollees,Asian,45.21%,1910
2007,Enrollees,Chicano/Latino,11.64%,492
2007,Enrollees,American Indian,0.50%,21
2007,Enrollees,African American,3.22%,136
2007,Enrollees,All,100.00%,4225
2006,Enrollees,International,2.55%,106
2006,Enrollees,Unknown,7.10%,295
2006,Enrollees,White,28.96%,1204
2006,Enrollees,Asian,45.78%,1903
2006,Enrollees,Chicano/Latino,11.57%,481
2006,Enrollees,American Indian,0.41%,17
2006,Enrollees,African American,3.63%,151
2006,Enrollees,All,100.00%,4157
2005,Enrollees,International,2.51%,103
2005,Enrollees,Unknown,7.04%,289
2005,Enrollees,White,30.06%,1234
2005,Enrollees,Asian,46.33%,1902
2005,Enrollees,Chicano/Latino,10.45%,429
2005,Enrollees,American Indian,0.34%,14
2005,Enrollees,African American,3.26%,134
2005,Enrollees,All,100.00%,4105
2004,Enrollees,International,2.18%,80
2004,Enrollees,Unknown,9.15%,336
2004,Enrollees,White,31.85%,1170
2004,Enrollees,Asian,44.02%,1617
2004,Enrollees,Chicano/Latino,9.42%,346
2004,Enrollees,American Indian,0.44%,16
2004,Enrollees,African American,2.94%,108
2004,Enrollees,All,100.00%,3673
2003,Enrollees,International,2.74%,100
2003,Enrollees,Unknown,9.39%,343
2003,Enrollees,White,28.81%,1052
2003,Enrollees,Asian,43.73%,1597
2003,Enrollees,Chicano/Latino,10.84%,396
2003,Enrollees,American Indian,0.44%,16
2003,Enrollees,African American,4.05%,148
2003,Enrollees,All,100.00%,3652
2002,Enrollees,International,2.38%,87
2002,Enrollees,Unknown,8.24%,301
2002,Enrollees,White,29.13%,1064
2002,Enrollees,Asian,44.98%,1643
2002,Enrollees,Chicano/Latino,10.98%,401
2002,Enrollees,American Indian,0.38%,14
2002,Enrollees,African American,3.91%,143
2002,Enrollees,All,100.00%,3653
2001,Enrollees,International,1.48%,57
2001,Enrollees,Unknown,10.39%,399
2001,Enrollees,White,29.58%,1136
2001,Enrollees,Asian,44.16%,1696
2001,Enrollees,Chicano/Latino,10.10%,388
2001,Enrollees,American Indian,0.57%,22
2001,Enrollees,African American,3.72%,143
2001,Enrollees,All,100.00%,3841
2000,Enrollees,International,2.12%,79
2000,Enrollees,Unknown,10.76%,402
2000,Enrollees,White,30.09%,1124
2000,Enrollees,Asian,43.80%,1636
2000,Enrollees,Chicano/Latino,8.73%,326
2000,Enrollees,American Indian,0.54%,20
2000,Enrollees,African American,3.96%,148
2000,Enrollees,All,100.00%,3735
1999,Enrollees,International,2.52%,91
1999,Enrollees,Unknown,9.78%,354
1999,Enrollees,White,30.71%,1111
1999,Enrollees,Asian,43.78%,1584
1999,Enrollees,Chicano/Latino,9.12%,330
1999,Enrollees,American Indian,0.61%,22
1999,Enrollees,African American,3.48%,126
1999,Enrollees,All,100.00%,3618
1998,Enrollees,International,1.77%,66
1998,Enrollees,Unknown,15.74%,588
1998,Enrollees,White,29.18%,1090
1998,Enrollees,Asian,42.28%,1579
1998,Enrollees,Chicano/Latino,7.28%,272
1998,Enrollees,American Indian,0.37%,14
1998,Enrollees,African American,3.37%,126
1998,Enrollees,All,100.00%,3735
1997,Enrollees,International,1.76%,63
1997,Enrollees,Unknown,6.44%,230
1997,Enrollees,White,29.17%,1042
1997,Enrollees,Asian,41.46%,1481
1997,Enrollees,Chicano/Latino,13.33%,476
1997,Enrollees,American Indian,0.62%,22
1997,Enrollees,African American,7.22%,258
1997,Enrollees,All,100.00%,3572
1996,Enrollees,International,1.89%,70
1996,Enrollees,Unknown,7.23%,268
1996,Enrollees,White,29.53%,1095
1996,Enrollees,Asian,39.19%,1453
1996,Enrollees,Chicano/Latino,14.75%,547
1996,Enrollees,American Indian,1.29%,48
1996,Enrollees,African American,6.12%,227
1996,Enrollees,All,100.00%,3708
1995,Enrollees,International,2.61%,89
1995,Enrollees,Unknown,6.17%,210
1995,Enrollees,White,30.08%,1024
1995,Enrollees,Asian,37.43%,1274
1995,Enrollees,Chicano/Latino,15.57%,530
1995,Enrollees,American Indian,1.82%,62
1995,Enrollees,African American,6.32%,215
1995,Enrollees,All,100.00%,3404
1994,Enrollees,International,1.85%,62
1994,Enrollees,Unknown,5.65%,189
1994,Enrollees,White,29.00%,970
1994,Enrollees,Asian,41.49%,1388
1994,Enrollees,Chicano/Latino,14.86%,497
1994,Enrollees,American Indian,1.11%,37
1994,Enrollees,African American,6.04%,202
1994,Enrollees,All,100.00%,3345